[
  {
    "postcode": "cb21ab",
    "type": "restaurant",
    "address": "regent street city centre",
    "area": "centre",
    "name": "pizza hut city centre",
    "food": "italian",
    "phone": "01223323737",
    "pricerange": "cheap",
    "id": "0"
  },
  {
    "postcode": "cb259aq",
    "type": "restaurant",
    "address": "finders corner newmarket road",
    "area": "east",
    "name": "the missing sock",
    "food": "international",
    "phone": "01223812660",
    "pricerange": "cheap",
    "id": "1"
  },
  {
    "postcode": "cb21dp",
    "type": "restaurant",
    "address": "106 regent street city centre",
    "area": "centre",
    "name": "curry garden",
    "food": "indian",
    "phone": "01223302330",
    "pricerange": "expensive",
    "id": "2"
  },
  {
    "postcode": "cb17ag",
    "type": "restaurant",
    "address": "82 cherry hinton road cherry hinton",
    "area": "south",
    "name": "the good luck chinese food takeaway",
    "food": "chinese",
    "phone": "01223244149",
    "pricerange": "expensive",
    "id": "3"
  },
  {
    "postcode": "cb17dy",
    "type": "restaurant",
    "address": "g4 cambridge leisure park clifton way cherry hinton",
    "area": "south",
    "name": "pizza hut cherry hinton",
    "food": "italian",
    "phone": "01223323737",
    "pricerange": "moderate",
    "id": "4"
  },
  {
    "postcode": "cb17aa",
    "type": "restaurant",
    "address": "64 cherry hinton road cherry hinton",
    "area": "south",
    "name": "taj tandoori",
    "food": "indian",
    "phone": "01223412299",
    "pricerange": "expensive",
    "id": "5"
  },
  {
    "postcode": "cb28pb",
    "type": "restaurant",
    "address": "152 - 154 hills road",
    "area": "south",
    "name": "restaurant alimentum",
    "food": "modern european",
    "phone": "01223413000",
    "pricerange": "moderate",
    "id": "6"
  },
  {
    "postcode": "cb58pa",
    "type": "restaurant",
    "address": "529 newmarket road fen ditton",
    "area": "east",
    "name": "yu garden",
    "food": "chinese",
    "phone": "01223248882",
    "pricerange": "expensive",
    "id": "7"
  },
  {
    "postcode": "cb23nj",
    "type": "restaurant",
    "address": "market hill city centre",
    "area": "centre",
    "name": "stazione restaurant and coffee bar",
    "food": "italian",
    "phone": "01223352607",
    "pricerange": "expensive",
    "id": "8"
  },
  {
    "postcode": "cb58jj",
    "type": "restaurant",
    "address": "451 newmarket road fen ditton",
    "area": "east",
    "name": "curry prince",
    "food": "indian",
    "phone": "01223566388",
    "pricerange": "moderate",
    "id": "9"
  },
  {
    "postcode": "cb21db",
    "type": "restaurant",
    "address": "regent street city centre",
    "area": "centre",
    "name": "charlie chan",
    "food": "chinese",
    "phone": "01223361763",
    "pricerange": "cheap",
    "id": "10"
  },
  {
    "postcode": "cb23rh",
    "type": "restaurant",
    "address": "free school lane city centre",
    "area": "centre",
    "name": "eraina",
    "food": "european",
    "phone": "01223368786",
    "pricerange": "expensive",
    "id": "11"
  },
  {
    "postcode": "cb21db",
    "type": "restaurant",
    "address": "regent street city centre",
    "area": "centre",
    "name": "pizza express",
    "food": "italian",
    "phone": "01223324033",
    "pricerange": "moderate",
    "id": "12"
  },
  {
    "postcode": "cb21ab",
    "type": "restaurant",
    "address": "de vere university arms regent street city centre",
    "area": "centre",
    "name": "restaurant one seven",
    "food": "british",
    "phone": "01223337766",
    "pricerange": "moderate",
    "id": "13"
  },
  {
    "postcode": "cb21uf",
    "type": "restaurant",
    "address": "12 bridge street city centre",
    "area": "centre",
    "name": "ask restaurant",
    "food": "italian",
    "phone": "01223364917",
    "pricerange": "cheap",
    "id": "14"
  },
  {
    "postcode": "cb23pp",
    "type": "restaurant",
    "address": "11 peas hill city centre",
    "area": "centre",
    "name": "jinling noodle bar",
    "food": "chinese",
    "phone": "01223566188",
    "pricerange": "moderate",
    "id": "15"
  },
  {
    "postcode": "cb21aw",
    "type": "restaurant",
    "address": "83 regent street",
    "area": "centre",
    "name": "de luca cucina and bar",
    "food": "modern european",
    "phone": "01223356666",
    "pricerange": "moderate",
    "id": "16"
  },
  {
    "postcode": "cb12qa",
    "type": "restaurant",
    "address": "2 sturton street city centre",
    "area": "centre",
    "name": "backstreet bistro",
    "food": "gastropub",
    "phone": "01223306306",
    "pricerange": "expensive",
    "id": "17"
  },
  {
    "postcode": "cb43le",
    "type": "restaurant",
    "address": "68 histon road chesterton",
    "area": "west",
    "name": "tandoori palace",
    "food": "indian",
    "phone": "01223506055",
    "pricerange": "expensive",
    "id": "18"
  },
  {
    "postcode": "cb21rt",
    "type": "restaurant",
    "address": "doubletree by hilton cambridge granta place mill lane",
    "area": "centre",
    "name": "riverside brasserie",
    "food": "modern european",
    "phone": "01223259988",
    "pricerange": "moderate",
    "id": "19"
  },
  {
    "postcode": "cb12as",
    "type": "restaurant",
    "address": "74 mill road city centre",
    "area": "centre",
    "name": "kohinoor",
    "food": "indian",
    "phone": "01223323639",
    "pricerange": "cheap",
    "id": "20"
  },
  {
    "postcode": "cb17dy",
    "type": "restaurant",
    "address": "2g cambridge leisure park cherry hinton road cherry hinton",
    "area": "south",
    "name": "chiquito restaurant bar",
    "food": "mexican",
    "phone": "01223400170",
    "pricerange": "expensive",
    "id": "21"
  },
  {
    "postcode": "cb30ad",
    "type": "restaurant",
    "address": "21 - 24 northampton road",
    "area": "west",
    "name": "prezzo",
    "food": "italian",
    "phone": "01799521260",
    "pricerange": "moderate",
    "id": "22"
  },
  {
    "postcode": "cb12bd",
    "type": "restaurant",
    "address": "88 mill road city centre",
    "area": "centre",
    "name": "rice house",
    "food": "chinese",
    "phone": "01223367755",
    "pricerange": "cheap",
    "id": "23"
  },
  {
    "postcode": "cb21nt",
    "type": "restaurant",
    "address": "59 hills road city centre",
    "area": "centre",
    "name": "ali baba",
    "food": "lebanese",
    "phone": "01462432565",
    "pricerange": "moderate",
    "id": "24"
  },
  {
    "postcode": "cb23ar",
    "type": "restaurant",
    "address": "35 saint andrews street city centre",
    "area": "centre",
    "name": "the varsity restaurant",
    "food": "international",
    "phone": "01223356060",
    "pricerange": "moderate",
    "id": "25"
  },
  {
    "postcode": "cb11ln",
    "type": "restaurant",
    "address": "40270 king street city centre",
    "area": "centre",
    "name": "darrys cookhouse and wine shop",
    "food": "modern european",
    "phone": "01223505015",
    "pricerange": "expensive",
    "id": "26"
  },
  {
    "postcode": "cb12az",
    "type": "restaurant",
    "address": "mill road city centre",
    "area": "centre",
    "name": "the golden curry",
    "food": "indian",
    "phone": "01223329432",
    "pricerange": "expensive",
    "id": "27"
  },
  {
    "postcode": "cb30ah",
    "type": "restaurant",
    "address": "71 castle street city centre",
    "area": "west",
    "name": "cocum",
    "food": "indian",
    "phone": "01223366668",
    "pricerange": "expensive",
    "id": "28"
  },
  {
    "postcode": "cb21su",
    "type": "restaurant",
    "address": "st. michael's church trinity street city centre",
    "area": "centre",
    "name": "michaelhouse cafe",
    "food": "european",
    "phone": "01223309147",
    "pricerange": "expensive",
    "id": "29"
  },
  {
    "postcode": "cb39ey",
    "type": "restaurant",
    "address": "37 newnham road newnham",
    "area": "west",
    "name": "rice boat",
    "food": "indian",
    "phone": "01223302800",
    "pricerange": "expensive",
    "id": "30"
  },
  {
    "postcode": "cb21qa",
    "type": "restaurant",
    "address": "15 - 19 trumpington street",
    "area": "centre",
    "name": "hotel du vin and bistro",
    "food": "european",
    "phone": "01223227330",
    "pricerange": "moderate",
    "id": "31"
  },
  {
    "postcode": "cb30ah",
    "type": "restaurant",
    "address": "41518 castle street city centre",
    "area": "west",
    "name": "maharajah tandoori restaurant",
    "food": "indian",
    "phone": "01223358399",
    "pricerange": "expensive",
    "id": "32"
  },
  {
    "postcode": "cb23dt",
    "type": "restaurant",
    "address": "crowne plaza hotel 20 downing street",
    "area": "centre",
    "name": "bloomsbury restaurant",
    "food": "international",
    "phone": "08719429180",
    "pricerange": "moderate",
    "id": "33"
  },
  {
    "postcode": "cb30af",
    "type": "restaurant",
    "address": "17 magdalene street city centre",
    "area": "west",
    "name": "thanh binh",
    "food": "vietnamese",
    "phone": "01223362456",
    "pricerange": "cheap",
    "id": "34"
  },
  {
    "postcode": "cb21uf",
    "type": "restaurant",
    "address": "14 -16 bridge street",
    "area": "centre",
    "name": "la tasca",
    "food": "spanish",
    "phone": "01223464630",
    "pricerange": "moderate",
    "id": "35"
  },
  {
    "postcode": "cb41jy",
    "type": "restaurant",
    "address": "20 milton road chesterton",
    "area": "north",
    "name": "da vinci pizzeria",
    "food": "italian",
    "phone": "01223351707",
    "pricerange": "cheap",
    "id": "36"
  },
  {
    "postcode": "cb43ax",
    "type": "restaurant",
    "address": "22 chesterton road chesterton",
    "area": "north",
    "name": "restaurant two two",
    "food": "french",
    "phone": "01223351880",
    "pricerange": "expensive",
    "id": "37"
  },
  {
    "postcode": "cb21tw",
    "type": "restaurant",
    "address": "12 st. johns street city centre",
    "area": "centre",
    "name": "ugly duckling",
    "food": "chinese",
    "phone": "unkown",
    "pricerange": "expensive",
    "id": "38"
  },
  {
    "postcode": "cb23ar",
    "type": "restaurant",
    "address": "36 saint andrews street",
    "area": "centre",
    "name": "wagamama",
    "food": "japanese",
    "phone": "01223462354",
    "pricerange": "expensive",
    "id": "39"
  },
  {
    "postcode": "cb12lf",
    "type": "restaurant",
    "address": "12 norfolk street city centre",
    "area": "centre",
    "name": "lan hong house",
    "food": "chinese",
    "phone": "01223350420",
    "pricerange": "moderate",
    "id": "40"
  },
  {
    "postcode": "cb17dy",
    "type": "restaurant",
    "address": "cambridge leisure park clifton way",
    "area": "south",
    "name": "nandos",
    "food": "portuguese",
    "phone": "01223327908",
    "pricerange": "cheap",
    "id": "41"
  },
  {
    "postcode": "cb21eg",
    "type": "restaurant",
    "address": "6 lensfield road",
    "area": "centre",
    "name": "the oak bistro",
    "food": "british",
    "phone": "01223323361",
    "pricerange": "moderate",
    "id": "42"
  },
  {
    "postcode": "cb21sj",
    "type": "restaurant",
    "address": "4 kings parade city centre",
    "area": "centre",
    "name": "the copper kettle",
    "food": "british",
    "phone": "01223365068",
    "pricerange": "moderate",
    "id": "43"
  },
  {
    "postcode": "cb17dy",
    "type": "restaurant",
    "address": "cambridge leisure park clifton way cherry hinton",
    "area": "south",
    "name": "the lucky star",
    "food": "chinese",
    "phone": "01223244277",
    "pricerange": "cheap",
    "id": "44"
  },
  {
    "postcode": "cb21rg",
    "type": "restaurant",
    "address": "51 trumpington street city centre",
    "area": "centre",
    "name": "fitzbillies restaurant",
    "food": "british",
    "phone": "01223352500",
    "pricerange": "expensive",
    "id": "45"
  },
  {
    "postcode": "cb21dp",
    "type": "restaurant",
    "address": "108 regent street city centre",
    "area": "centre",
    "name": "little seoul",
    "food": "korean",
    "phone": "01223308681",
    "pricerange": "expensive",
    "id": "46"
  },
  {
    "postcode": "cb13nf",
    "type": "restaurant",
    "address": "196 mill road city centre",
    "area": "centre",
    "name": "meze bar",
    "food": "turkish",
    "phone": "unkown",
    "pricerange": "expensive",
    "id": "47"
  },
  {
    "postcode": "cb21rq",
    "type": "restaurant",
    "address": "40210 millers yard city centre",
    "area": "centre",
    "name": "dojo noodle bar",
    "food": "asian oriental",
    "phone": "01223363471",
    "pricerange": "cheap",
    "id": "48"
  },
  {
    "postcode": "cb30af",
    "type": "restaurant",
    "address": "15 magdalene street city centre",
    "area": "west",
    "name": "la margherita",
    "food": "italian",
    "phone": "01223315232",
    "pricerange": "cheap",
    "id": "49"
  },
  {
    "postcode": "cb11lh",
    "type": "restaurant",
    "address": "40428 king street city centre",
    "area": "centre",
    "name": "yippee noodle bar",
    "food": "asian oriental",
    "phone": "01223518111",
    "pricerange": "moderate",
    "id": "50"
  },
  {
    "postcode": "cb41uy",
    "type": "restaurant",
    "address": "7 milton road chesterton",
    "area": "north",
    "name": "the nirala",
    "food": "indian",
    "phone": "01223360966",
    "pricerange": "moderate",
    "id": "51"
  },
  {
    "postcode": "cb11bg",
    "type": "restaurant",
    "address": "183 east road city centre",
    "area": "centre",
    "name": "cotto",
    "food": "british",
    "phone": "01223302010",
    "pricerange": "moderate",
    "id": "52"
  },
  {
    "postcode": "cb30ad",
    "type": "restaurant",
    "address": "21 - 24 northampton street",
    "area": "west",
    "name": "saint johns chop house",
    "food": "british",
    "phone": "01223353110",
    "pricerange": "moderate",
    "id": "53"
  },
  {
    "postcode": "cb58wr",
    "type": "restaurant",
    "address": "cambridge retail park newmarket road fen ditton",
    "area": "east",
    "name": "pizza hut fen ditton",
    "food": "italian",
    "phone": "01223323737",
    "pricerange": "moderate",
    "id": "54"
  },
  {
    "postcode": "cb21eg",
    "type": "restaurant",
    "address": "12 lensfield road city centre",
    "area": "centre",
    "name": "golden house",
    "food": "chinese",
    "phone": "01842753771",
    "pricerange": "cheap",
    "id": "55"
  },
  {
    "postcode": "cb21dp",
    "type": "restaurant",
    "address": "86 regent street city centre",
    "area": "centre",
    "name": "j restaurant",
    "food": "asian oriental",
    "phone": "01223307581",
    "pricerange": "cheap",
    "id": "56"
  },
  {
    "postcode": "cb21uw",
    "type": "restaurant",
    "address": "33 bridge street",
    "area": "centre",
    "name": "galleria",
    "food": "european",
    "phone": "01223362054",
    "pricerange": "moderate",
    "id": "57"
  },
  {
    "postcode": "cb23qf",
    "type": "restaurant",
    "address": "corn exchange street",
    "area": "centre",
    "name": "the cow pizza kitchen and bar",
    "food": "gastropub",
    "phone": "01223308871",
    "pricerange": "moderate",
    "id": "58"
  },
  {
    "postcode": "cb12bd",
    "type": "restaurant",
    "address": "100 mill road city centre",
    "area": "centre",
    "name": "bedouin",
    "food": "african",
    "phone": "01223367660",
    "pricerange": "expensive",
    "id": "59"
  },
  {
    "postcode": "cb23ll",
    "type": "restaurant",
    "address": "2 rose crescent city centre",
    "area": "centre",
    "name": "the gardenia",
    "food": "mediterranean",
    "phone": "01223356354",
    "pricerange": "cheap",
    "id": "60"
  },
  {
    "postcode": "cb21ab",
    "type": "restaurant",
    "address": "47-53 regent street",
    "area": "centre",
    "name": "zizzi cambridge",
    "food": "italian",
    "phone": "01223365599",
    "pricerange": "cheap",
    "id": "61"
  },
  {
    "postcode": "cb58pa",
    "type": "restaurant",
    "address": "newmarket road fen ditton",
    "area": "east",
    "name": "pipasha restaurant",
    "food": "indian",
    "phone": "01223577786",
    "pricerange": "expensive",
    "id": "62"
  },
  {
    "postcode": "cb23ar",
    "type": "restaurant",
    "address": "33-34 saint andrews street",
    "area": "centre",
    "name": "nandos city centre",
    "food": "portuguese",
    "phone": "01223327908",
    "pricerange": "cheap",
    "id": "63"
  },
  {
    "postcode": "cb41eh",
    "type": "restaurant",
    "address": "victoria avenue chesterton",
    "area": "north",
    "name": "royal spice",
    "food": "indian",
    "phone": "01733553355",
    "pricerange": "cheap",
    "id": "64"
  },
  {
    "postcode": "cb41jy",
    "type": "restaurant",
    "address": "milton road chesterton",
    "area": "north",
    "name": "hakka",
    "food": "chinese",
    "phone": "01223568988",
    "pricerange": "expensive",
    "id": "65"
  },
  {
    "postcode": "cb23ll",
    "type": "restaurant",
    "address": "4 - 6 rose crescent",
    "area": "centre",
    "name": "la raza",
    "food": "spanish",
    "phone": "01223464550",
    "pricerange": "cheap",
    "id": "66"
  },
  {
    "postcode": "cb21dp",
    "type": "restaurant",
    "address": "72 regent street city centre",
    "area": "centre",
    "name": "the gandhi",
    "food": "indian",
    "phone": "01223353942",
    "pricerange": "cheap",
    "id": "67"
  },
  {
    "postcode": "cb43hl",
    "type": "restaurant",
    "address": "191 histon road chesterton",
    "area": "north",
    "name": "golden wok",
    "food": "chinese",
    "phone": "01223350688",
    "pricerange": "moderate",
    "id": "68"
  },
  {
    "postcode": "cb43lf",
    "type": "restaurant",
    "address": "205 victoria road chesterton",
    "area": "west",
    "name": "meghna",
    "food": "indian",
    "phone": "01223727410",
    "pricerange": "moderate",
    "id": "69"
  },
  {
    "postcode": "cb21la",
    "type": "restaurant",
    "address": "hills road city centre",
    "area": "centre",
    "name": "saffron brasserie",
    "food": "indian",
    "phone": "01223354679",
    "pricerange": "expensive",
    "id": "70"
  },
  {
    "postcode": "cb58aq",
    "type": "restaurant",
    "address": "thompsons lane fen ditton",
    "area": "centre",
    "name": "la mimosa",
    "food": "mediterranean",
    "phone": "01223362525",
    "pricerange": "expensive",
    "id": "71"
  },
  {
    "postcode": "cb11dg",
    "type": "restaurant",
    "address": "39 burleigh street city centre",
    "area": "centre",
    "name": "shanghai family restaurant",
    "food": "chinese",
    "phone": "01223301761",
    "pricerange": "moderate",
    "id": "72"
  },
  {
    "postcode": "cb21qy",
    "type": "restaurant",
    "address": "the little rose 37 trumpington street",
    "area": "centre",
    "name": "loch fyne",
    "food": "seafood",
    "phone": "01223362433",
    "pricerange": "expensive",
    "id": "73"
  },
  {
    "postcode": "cb21rq",
    "type": "restaurant",
    "address": "3 - 5 millers yard mill lane",
    "area": "centre",
    "name": "mahal of cambridge",
    "food": "indian",
    "phone": "01223360409",
    "pricerange": "cheap",
    "id": "74"
  },
  {
    "postcode": "cb58ba",
    "type": "restaurant",
    "address": "jesus lane fen ditton",
    "area": "centre",
    "name": "pizza express fen ditton",
    "food": "italian",
    "phone": "01223324033",
    "pricerange": "moderate",
    "id": "75"
  },
  {
    "postcode": "cb39ey",
    "type": "restaurant",
    "address": "35 newnham road newnham",
    "area": "west",
    "name": "sala thong",
    "food": "thai",
    "phone": "01223323178",
    "pricerange": "expensive",
    "id": "76"
  },
  {
    "postcode": "cb41uy",
    "type": "restaurant",
    "address": "cambridge city football club milton road chesterton",
    "area": "north",
    "name": "city stop restaurant",
    "food": "european",
    "phone": "01223363270",
    "pricerange": "expensive",
    "id": "77"
  },
  {
    "postcode": "cb41nl",
    "type": "restaurant",
    "address": "169 high street chesterton chesterton",
    "area": "north",
    "name": "saigon city",
    "food": "asian oriental",
    "phone": "01223356555",
    "pricerange": "expensive",
    "id": "78"
  },
  {
    "postcode": "cb28nx",
    "type": "restaurant",
    "address": "10 homerton street city centre",
    "area": "south",
    "name": "peking restaurant",
    "food": "chinese",
    "phone": "01223354755",
    "pricerange": "expensive",
    "id": "79"
  },
  {
    "postcode": "cb17dy",
    "type": "restaurant",
    "address": "cambridge leisure park clifton way cherry hinton",
    "area": "south",
    "name": "frankie and bennys",
    "food": "italian",
    "phone": "01223412430",
    "pricerange": "expensive",
    "id": "80"
  },
  {
    "postcode": "cb30lx",
    "type": "restaurant",
    "address": "hotel felix whitehouse lane huntingdon road",
    "area": "west",
    "name": "graffiti",
    "food": "british",
    "phone": "01223277977",
    "pricerange": "expensive",
    "id": "81"
  },
  {
    "postcode": "cb39ey",
    "type": "restaurant",
    "address": "31 newnham road newnham",
    "area": "west",
    "name": "india house",
    "food": "indian",
    "phone": "01223461661",
    "pricerange": "expensive",
    "id": "82"
  },
  {
    "postcode": "cb30dq",
    "type": "restaurant",
    "address": "cambridge lodge hotel 139 huntingdon road city centre",
    "area": "west",
    "name": "cambridge lodge restaurant",
    "food": "european",
    "phone": "01223355166",
    "pricerange": "expensive",
    "id": "83"
  },
  {
    "postcode": "cb58pa",
    "type": "restaurant",
    "address": "grafton hotel 619 newmarket road fen ditton",
    "area": "east",
    "name": "grafton hotel restaurant",
    "food": "british",
    "phone": "01223241387",
    "pricerange": "expensive",
    "id": "84"
  },
  {
    "postcode": "cb41ep",
    "type": "restaurant",
    "address": "66 chesterton road chesterton",
    "area": "north",
    "name": "the hotpot",
    "food": "chinese",
    "phone": "01223366552",
    "pricerange": "expensive",
    "id": "85"
  },
  {
    "postcode": "cb58aq",
    "type": "restaurant",
    "address": "quayside off bridge street",
    "area": "centre",
    "name": "the river bar steakhouse and grill",
    "food": "modern european",
    "phone": "01223307030",
    "pricerange": "cheap",
    "id": "86"
  },
  {
    "postcode": "cb11ln",
    "type": "restaurant",
    "address": "54 king street city centre",
    "area": "centre",
    "name": "clowns cafe",
    "food": "italian",
    "phone": "01223355711",
    "pricerange": "expensive",
    "id": "87"
  },
  {
    "postcode": "cb21uj",
    "type": "restaurant",
    "address": "30 bridge street city centre",
    "area": "centre",
    "name": "anatolia",
    "food": "turkish",
    "phone": "01223362372",
    "pricerange": "moderate",
    "id": "88"
  },
  {
    "postcode": "cb12lf",
    "type": "restaurant",
    "address": "8 norfolk street city centre",
    "area": "centre",
    "name": "panahar",
    "food": "indian",
    "phone": "01223355012",
    "pricerange": "expensive",
    "id": "89"
  },
  {
    "postcode": "cb11hr",
    "type": "restaurant",
    "address": "napier street city centre",
    "area": "centre",
    "name": "tang chinese",
    "food": "chinese",
    "phone": "01223357187",
    "pricerange": "expensive",
    "id": "90"
  },
  {
    "postcode": "cb23ju",
    "type": "restaurant",
    "address": "34 - 35 green street",
    "area": "centre",
    "name": "the slug and lettuce",
    "food": "gastropub",
    "phone": "unkown",
    "pricerange": "expensive",
    "id": "91"
  },
  {
    "postcode": "cb21ug",
    "type": "restaurant",
    "address": "5 jordans yard bridge street city centre",
    "area": "centre",
    "name": "curry king",
    "food": "indian",
    "phone": "01223324351",
    "pricerange": "expensive",
    "id": "92"
  },
  {
    "postcode": "cb30df",
    "type": "restaurant",
    "address": "huntingdon road city centre",
    "area": "west",
    "name": "travellers rest",
    "food": "british",
    "phone": "01223276182",
    "pricerange": "expensive",
    "id": "93"
  },
  {
    "postcode": "cb12bd",
    "type": "restaurant",
    "address": "106 mill road city centre",
    "area": "centre",
    "name": "curry queen",
    "food": "indian",
    "phone": "01223351027",
    "pricerange": "expensive",
    "id": "94"
  },
  {
    "postcode": "cb13nl",
    "type": "restaurant",
    "address": "290 mill road city centre",
    "area": "east",
    "name": "royal standard",
    "food": "gastropub",
    "phone": "01223247877",
    "pricerange": "expensive",
    "id": "95"
  },
  {
    "postcode": "cb58rg",
    "type": "restaurant",
    "address": "7 barnwell road fen ditton",
    "area": "east",
    "name": "rajmahal",
    "food": "indian",
    "phone": "01223244955",
    "pricerange": "moderate",
    "id": "96"
  },
  {
    "postcode": "cb11dg",
    "type": "restaurant",
    "address": "21 burleigh street city centre",
    "area": "centre",
    "name": "hk fusion",
    "food": "chinese",
    "phone": "01223355909",
    "pricerange": "expensive",
    "id": "97"
  },
  {
    "postcode": "cb11ln",
    "type": "restaurant",
    "address": "king street city centre",
    "area": "centre",
    "name": "efes restaurant",
    "food": "turkish",
    "phone": "01223500005",
    "pricerange": "moderate",
    "id": "98"
  },
  {
    "postcode": "cb21ab",
    "type": "restaurant",
    "address": "regent street city centre",
    "area": "centre",
    "name": "gourmet burger kitchen",
    "food": "north american",
    "phone": "01223312598",
    "pricerange": "expensive",
    "id": "99"
  },
  {
    "postcode": "cb23nj",
    "type": "restaurant",
    "address": "12 market hill city centre",
    "area": "centre",
    "name": "don pasquale pizzeria",
    "food": "italian",
    "phone": "01223350106",
    "pricerange": "expensive",
    "id": "100"
  },
  {
    "postcode": "cb21sj",
    "type": "restaurant",
    "address": "1 kings parade",
    "area": "centre",
    "name": "the cambridge chop house",
    "food": "british",
    "phone": "01223359506",
    "pricerange": "expensive",
    "id": "101"
  },
  {
    "postcode": "cb12as",
    "type": "restaurant",
    "address": "52 mill road city centre",
    "area": "centre",
    "name": "kymmoy",
    "food": "asian oriental",
    "phone": "01223311911",
    "pricerange": "expensive",
    "id": "102"
  },
  {
    "postcode": "cb19hx",
    "type": "restaurant",
    "address": "43 high street cherry hinton cherry hinton",
    "area": "east",
    "name": "sitar tandoori",
    "food": "indian",
    "phone": "01223249955",
    "pricerange": "expensive",
    "id": "103"
  },
  {
    "postcode": "cb21dp",
    "type": "restaurant",
    "address": "84 regent street city centre",
    "area": "centre",
    "name": "shiraz restaurant",
    "food": "mediterranean",
    "phone": "01223307581",
    "pricerange": "expensive",
    "id": "104"
  },
  {
    "postcode": "cb41ha",
    "type": "restaurant",
    "address": "midsummer common",
    "area": "centre",
    "name": "midsummer house restaurant",
    "food": "british",
    "phone": "01223369299",
    "pricerange": "expensive",
    "id": "105"
  },
  {
    "postcode": "cb21uf",
    "type": "restaurant",
    "address": "bridge street city centre",
    "area": "centre",
    "name": "cote",
    "food": "french",
    "phone": "01223311053",
    "pricerange": "expensive",
    "id": "106"
  },
  {
    "postcode": "cb21uj",
    "type": "restaurant",
    "address": "32 bridge street city centre",
    "area": "centre",
    "name": "caffe uno",
    "food": "italian",
    "phone": "01223448620",
    "pricerange": "expensive",
    "id": "107"
  },
  {
    "postcode": "cb21nw",
    "type": "restaurant",
    "address": "17 hills road city centre",
    "area": "centre",
    "name": "sesame restaurant and bar",
    "food": "chinese",
    "phone": "01223358899",
    "pricerange": "expensive",
    "id": "108"
  },
  {
    "postcode": "cb23jx",
    "type": "restaurant",
    "address": "24 green street city centre",
    "area": "centre",
    "name": "bangkok city",
    "food": "thai",
    "phone": "01223354382",
    "pricerange": "expensive",
    "id": "109"
  }
]